<?xml version="1.0" encoding="UTF-8"?>
<!DOCTYPE tiles-definitions PUBLIC
       "-//Apache Software Foundation//DTD Tiles Configuration 2.0//EN"
       "http://tiles.apache.org/dtds/tiles-config_2_0.dtd">
<tiles-definitions>
	<definition name="baseLayout" template="/baseLayout.jsp">
		<put-attribute name="title">Sistema Editoriale Gruppo BLU</put-attribute>
		<put-attribute name="header" value="/headerTiles.jsp" />
		<put-attribute name="menu" value="/menu.jsp" />
		<put-attribute name="body" value="" />
		<put-attribute name="footer" value="/footerTiles.jsp" />
	</definition>
	<definition name="/menuGiornalista.tiles" extends="baseLayout">
		<put-attribute name="body" value="/benvenuto.jsp" />
	</definition>
	<definition name="/menuAmministratore.tiles" extends="baseLayout">
		<put-attribute name="body" value="/benvenuto.jsp" />
	</definition>
	<definition name="/menuCompleto.tiles" extends="baseLayout">
		<put-attribute name="body" value="/benvenuto.jsp" />
	</definition>
	<definition name="/error.tiles" extends="baseLayout">
		<put-attribute name="body" value="/error.jsp" />
	</definition>
	<definition name="/listaAccount.tiles" extends="baseLayout">
		<put-attribute name="body" value="/listaAccount.jsp" />
	</definition>
	<definition name="/visualizza.tiles" extends="baseLayout">
		<put-attribute name="body" value="/visualizza.jsp" />
	</definition>
	<definition name="/eseguito.tiles" extends="baseLayout">
		<put-attribute name="body" value="/eseguito.jsp" />
	</definition>
	<definition name="/modificaAccount.tiles" extends="baseLayout">
		<put-attribute name="body" value="/modificaAccount.jsp" />
	</definition>
	<definition name="/modifica.tiles" extends="baseLayout">
		<put-attribute name="body" value="/modifica.jsp" />
	</definition>
	<definition name="/inserimento.tiles" extends="baseLayout">
		<put-attribute name="body" value="/Inserimento.jsp" />
	</definition>
	<definition name="/inserimentoNonPossibile.tiles" extends="baseLayout">
		<put-attribute name="body" value="/inserimentoNonPossibile.jsp" />
	</definition>
	<definition name="/cancellazioneAccount.tiles" extends="baseLayout">
		<put-attribute name="body" value="/cancellazioneAccount.jsp" />
	</definition>
	<definition name="/delete_uno.tiles" extends="/menuAmministratore.tiles">
		<put-attribute name="body" value="/delete_uno.jsp" />
	</definition>
	<definition name="/delete_due.tiles" extends="/menuAmministratore.tiles">
		<put-attribute name="body" value="/delete_due.jsp" />
	</definition>
	<definition name="/delete_tre.tiles" extends="/menuAmministratore.tiles">
		<put-attribute name="body" value="/delete_tre.jsp" />
	</definition>
	<definition name="/delete_quattro.tiles" extends="/menuAmministratore.tiles">
		<put-attribute name="body" value="/delete_quattro.jsp" />
	</definition> 
	<definition name="/eseguito.tiles" extends="baseLayout">
		<put-attribute name="body" value="/eseguito.jsp" />
	</definition>
	<definition name="/utenteCancellato.tiles" extends="/menuAmministratore.tiles">
		<put-attribute name="body" value="/utenteCancellato.jsp" />
	</definition>
	<definition name="/InserimentoAccount.tiles" extends="/menuAmministratore.tiles">
		<put-attribute name="body" value="/InserimentoAccount.jsp" />
	</definition>
	
	
	<definition name="/UtenteGiaPresente.tiles" extends="/menuAmministratore.tiles">
		<put-attribute name="body" value="/UtenteGiaPresente.jsp" />
	</definition>
	<definition name="/template.tiles" extends="baseLayout">
		<put-attribute name="body" value="/templateTiles.jsp" />
	</definition>
	<definition name="/listaNotizie.tiles" extends="baseLayout">
		<put-attribute name="body" value="/listaNotizie.jsp" />
	</definition>
	<definition name="/inserimentoNotizia.tiles" extends="baseLayout">
		<put-attribute name="body" value="/inserimentoNotizia.jsp" />
	</definition>
	<definition name="/inserimentoNotiziaOK.tiles" extends="baseLayout">
		<put-attribute name="body" value="/inserimentoNotiziaOK.jsp" />
	</definition>
	<definition name="/notiziaCancellata.tiles" extends="baseLayout">
		<put-attribute name="body" value="/notiziaCancellata.jsp" />
	</definition>
	<definition name="/modificaNotizia.tiles" extends="baseLayout">
		<put-attribute name="body" value="/modificaNotizia.jsp" />
	</definition>
	<definition name="/notiziaModificataOK.tiles" extends="baseLayout">
		<put-attribute name="body" value="/notiziaModificataOK.jsp" />
	</definition>
	<definition name="/modificaNONpossibile.tiles" extends="baseLayout">
		<put-attribute name="body" value="/modificaNONpossibile.jsp" />
	</definition>
		<definition name="/deleteNONpossibile.tiles" extends="baseLayout">
		<put-attribute name="body" value="/deleteNONpossibile.jsp" />
	</definition>
	
	<definition name="/modificaAccountNONpossibile.tiles" extends="baseLayout">
		<put-attribute name="body" value="/modificaAccountNONpossibile.jsp" />
	</definition>
	<definition name="/VisualizzaNotizia.tiles" extends="baseLayout">
		<put-attribute name="body" value="/VisualizzaNotizia.jsp" />
	</definition>
	<definition name="/notiziaTrasmessa.tiles" extends="baseLayout">
		<put-attribute name="body" value="/notiziaTrasmessa.jsp" />
	</definition>
	<definition name="/utenteCancellatoNoVisualizz.tiles" extends="/menuAmministratore.tiles">
		<put-attribute name="body" value="/utenteCancellatoNoVisualizz.jsp" />
	</definition> 
	<definition name="/corpo.tiles" extends="baseLayout">
		<put-attribute name="body" value="/corpo.jsp" />
	</definition>
		<definition name="/noNotizie.tiles" extends="baseLayout">
		<put-attribute name="body" value="/noNotizie.jsp" />
	</definition>
	
</tiles-definitions>
