<?xml version="1.0" encoding="UTF-8"?>
<!DOCTYPE tiles-definitions PUBLIC
       "-//Apache Software Foundation//DTD Tiles Configuration 2.0//EN"
       "http://tiles.apache.org/dtds/tiles-config_2_0.dtd">
<tiles-definitions>
	<definition name="baseLayout" template="/baseLayout.jsp">
		<put-attribute name="header" value="/headerTiles.jsp" />
		<put-attribute name="menu" value="" />
		<put-attribute name="error" value="/error.jsp" />
		<put-attribute name="body" value="" />
		<put-attribute name="footer" value="/footerTiles.jsp" />
	</definition>
	<definition name="/menuGiornalista.tiles" extends="baseLayout">
		<put-attribute name="body" value="/benvenuto.jsp" />
		<put-attribute name="menu" value="/menuGiorn.jsp" />
	</definition>
	<definition name="/menuAmministratore.tiles" extends="baseLayout">
		<put-attribute name="body" value="/benvenuto.jsp" />
		<put-attribute name="menu" value="/menuAmm.jsp" />
	</definition>
	<definition name="/menuCompleto.tiles" extends="baseLayout">
		<put-attribute name="body" value="/benvenuto.jsp" />
		<put-attribute name="menu" value="/menuCompleto.jsp" />
	</definition>
	<definition name="/error.tiles" extends="baseLayout">
		<put-attribute name="error" value="/error.jsp" />
	</definition>
	<definition name="/utenteCancellato.tiles" extends="baseLayout">
		<put-attribute name="body" value="/utenteCancellato.jsp" />
	</definition>
	<definition name="/UtenteGiaPresente.tiles" extends="baseLayout">
		<put-attribute name="body" value="/UtenteGiaPresente.jsp" />
	</definition>
	<definition name="/inserimentoNonPossibile.tiles" extends="baseLayout">
		<put-attribute name="body" value="/inserimentoNonPossibile.jsp" />
	</definition>
	<definition name="/modificaNonPossibile.tiles" extends="baseLayout">
		<put-attribute name="body" value="/inserimentoNonPossibile.jsp" />
	</definition>
	<definition name="/listaAccount.tiles" extends="/menuAmministratore.tiles">
		<put-attribute name="body" value="/listaAccount.jsp" />
	</definition>
<definition name="/visualizza.tiles" extends="/menuAmministratore.tiles">
		<put-attribute name="body" value="/visualizza.jsp" />
	</definition>
	<definition name="/eseguito.tiles" extends="/menuAmministratore.tiles">
		<put-attribute name="body" value="/eseguito.jsp" />
	</definition>
	<definition name="/modificaAccount.tiles" extends="/menuAmministratore.tiles">
		<put-attribute name="body" value="/modificaAccount.jsp" />
	</definition>
	<definition name="/modifica.tiles" extends="/menuAmministratore.tiles">
		<put-attribute name="body" value="/modifica.jsp" />
	</definition>
	<definition name="/inserimento.tiles" extends="/menuAmministratore.tiles">
		<put-attribute name="body" value="/Inserimento.jsp" />
	</definition>
	<definition name="/cancellazioneAccount.tiles" extends="/menuAmministratore.tiles">
		<put-attribute name="body" value="/cancellazioneAccount.jsp" />
	</definition>
	<definition name="/delete_uno.tiles" extends="/menuAmministratore.tiles">
		<put-attribute name="body" value="/delete_uno.jsp" />
	</definition>
	<definition name="/delete_due.tiles" extends="/menuAmministratore.tiles">
		<put-attribute name="body" value="/delete_due.jsp" />
	</definition>
	<definition name="/delete_tre.tiles" extends="/menuAmministratore.tiles">
		<put-attribute name="body" value="/delete_tre.jsp" />
	</definition> 
	<definition name="/delete_quattro.tiles" extends="/menuAmministratore.tiles">
		<put-attribute name="body" value="/delete_quattro.jsp" />
	</definition> 
	<definition name="/eseguito.tiles" extends="/menuAmministratore.tiles">
		<put-attribute name="body" value="/eseguito.jsp" />
	</definition> 
	<definition name="/utenteCancellatoNoVisualizz.tiles" extends="/menuAmministratore.tiles">
		<put-attribute name="body" value="/utenteCancellatoNoVisualizz.jsp" />
	</definition> 
	
</tiles-definitions>
