<?xml version="1.0" encoding="UTF-8" ?>
<!DOCTYPE struts PUBLIC
    "-//Apache Software Foundation//DTD Struts Configuration 2.0//EN"
    "http://struts.apache.org/dtds/struts-2.0.dtd">
<struts>

	<constant name="struts.enable.DynamicMethodInvocation" value="false" />
	<constant name="struts.devMode" value="false" />
	<constant name="struts.custom.i18n.resources" value="message_err" />
	
	
	<package name="default" extends="struts-default" namespace="/">
		<result-types>
			<result-type name="tiles"
				class="org.apache.struts2.views.tiles.TilesResult" />
		</result-types>

		<action name="controllaLoginAction" class="uiip.action.LoginAction">
			<!-- <result name="success">eseguito.jsp</result> -->
 		 	<result name="templateComp" type="tiles">/menuCompleto.tiles</result>
			<result name="templateGiorn" type="tiles">/menuGiornalista.tiles</result>
			<result name="templateAmm" type="tiles">/menuAmministratore.tiles</result> 
			<result name="UtenteCancellato" type="tiles">/utenteCancellato.tiles</result> 
<!-- 			<result name="error">error.jsp</result> -->
			<result name="input">homepage.jsp</result>
			<!--  <result name="error" type="tiles">menuGiornalista</result> -->
		</action>
		<action name="ListaAction" class="uiip.action.ListaAction">
 			<result name="success" type="tiles">/listaAccount.tiles</result>
			<result name="error" type="tiles">/error.tiles</result> 
		</action>
		<action name="OpenInsertAction" class="uiip.action.OpenInsertAction">
			<result name="success" type="tiles">/inserimento.tiles</result>	
<!-- 			<result name="error" type="tiles">/error.tiles</result>	 -->
		</action>
		<action name="InsertAction" class="uiip.action.InsertAction">
 			<result name="success" type="tiles">/eseguito.tiles</result>
			<result name="error" type="tiles">/error.tiles</result>
			<result name="UtenteGiaPresente" type="tiles">/UtenteGiaPresente.tiles</result>	
			<result name="UtenteCancellato" type="tiles">/inserimentoNonPossibile.tiles</result>
			<result name="input" type="tiles">/inserimento.tiles</result>		
		</action>
				<action name="OpenUpdateAction" class="uiip.action.OpenUpdateAction">
			<result name="success" type="tiles">/modifica.tiles</result>	
			<result name="error" type="tiles">/error.tiles</result>	
			<result name="UtenteCancellato" type="tiles">/modificaNonPossibile.tiles</result>	
		</action>
		<action name="modificaAction" class="uiip.action.UpdateAction">
			<result name="success" type="tiles">/modificaAccount.tiles</result>
			<result name="error" type="tiles">/error.tiles</result>
			<result name="input" type="tiles">/modifica.tiles</result>			
		</action>
		<action name="aggiornaAction" class="uiip.action.aggiornaAction">
			<result name="success" type="tiles">/eseguito.tiles</result>	
		</action>
		<action name="DeleteAction" class="uiip.action.DeleteAction">
			<result name="success" type="tiles">/cancellazioneAccount.tiles</result>
			<result name="CancellaUtenteCompleto" type="tiles">/delete_uno.tiles</result>
			<result name="CancellaGiornalista" type="tiles">/delete_due.tiles</result> 
			<result name="NonPuoiCancellareAdmin" type="tiles">/delete_tre.tiles</result> 
			<result name="AccountDisattivato" type="tiles">/delete_quattro.tiles</result> 
			<result name="error" type="tiles">/error.tiles</result> 
		</action>
		<action name="OpenVisualizzaAction" class="uiip.action.OpenVisualizzaAction">
			<result name="utenteCancellatoNoVisualizz" type="tiles">/utenteCancellatoNoVisualizz.tiles</result>
			<result name="success" type="tiles">/visualizza.tiles</result>
			<result name="error" type="tiles">/error.tiles</result> 
		</action>
	</package>
</struts>